"","CodigoMateria","DescricaoIdentificacaoMateria","TipoConteudo","EmentaMateria","DataApresentacao","class_tematica"
"1",99124,"PLS 38/2011","Alteração","Altera a Lei nº 8.723, de 28 de outubro de 1993, que dispõe sobre a redução de emissão de poluentes por veículos automotores e dá outras providências, para tornar obrigatória a divulgação no Certificado de Registro e Licenciamento do Veículo - CRLV e na Nota Fiscal, a quantidade de emissão dos gases poluentes e de gás carbônico (CO2), gás de efeito estufa, emitidos na atmosfera pelos veículos automotivos.","2011-02-15","Educação Ambiental"
"2",101350,"PLS 444/2011","Alteração","Altera a Lei nº 11.445, de 05 de janeiro de 2007, que estabelece diretrizes nacionais para o saneamento básico e dá outras providências, para determinar a medição individualizada do consumo hídrico nas edificações condominiais.","2011-08-03","Recursos Hídricos"
"3",101943,"PLS 533/2011","Criação","Autoriza o Poder Executivo a instituir incentivos fiscais destinados a estimular as pessoas jurídicas que exerçam atividade de controle ambiental de resíduos.","2011-08-31","Resíduos Sólidos"
"4",103741,"PLS 731/2011","Alteração","Altera os arts. 18 e 75 da Lei de Crimes Ambientais para elevar os limites das multas penal e administrativa.","2011-12-13","Crimes e Infrações Ambientais"
"5",99974,"PLS 185/2011","Alteração","Acrescenta novo inciso ao art. 6º da Lei nº 6.938/81, que dispõe sobre a Política Nacional do Meio Ambiente, criando o Selo Verde ""Preservação da Amazônia"" para produtos oriundos da Zona Franca de Manaus, e dá outras providências.","2011-04-20","Conservação da Natureza e Florestas"
"6",100216,"PLS 249/2011","Criação","Cria incentivo fiscal de redução do imposto de renda para fomentar projetos de florestamento ou reflorestamento em propriedade rural familiar.","2011-05-12","Conservação da Natureza e Florestas"
"7",103831,"PLS 750/2011","Criação","Dispõe sobre a Política de Gestão e Proteção do Bioma Pantanal e dá outras providências.","2011-12-20","Conservação da Natureza e Florestas"
"8",102273,"PLS 560/2011","Criação","Reduz a quantidade de enxofre no Óleo Diesel.","2011-09-13","Sustentabilidade e Energias Renováveis"
"9",100634,"PLS 322/2011","Criação","Proíbe a utilização, a fabricação, a importação, a comercialização e a distribuição de sacolas plásticas que em sua composição química tenham como base o polietileno, o propileno e o polipropileno.","2011-06-09","Resíduos Sólidos"
"10",100779,"PLS 345/2011","Alteração","Altera a Lei nº 12.351, de 22 de dezembro de 2010, para dispor sobre os royalties e a receita da comercialização relativos ao regime de partilha de produção.","2011-06-16","Recursos Hídricos"
"11",99045,"PLS 8/2011","Alteração","Altera a Lei nº 4.771, de 15 de setembro de 1965 (Código Florestal), para permitir o emprego de espécies frutíferas na recomposição da reserva florestal legal e das áreas de preservação permanente na Amazônia Legal e em pequena propriedade ou posse rural familiar, determinar a concessão de incentivos fiscais e creditícios para essa recomposição, e dá outras providências.","2011-02-08","Conservação da Natureza e Florestas"
"12",99162,"PLS 51/2011","Alteração","Dá nova redação ao art. 9º da Lei nº 8.723, de 28 de outubro de 1993, que dispõe sobre a redução de emissão de poluentes por veículos automotores.","2011-02-17","Sustentabilidade e Energias Renováveis"
"13",99828,"PLS 148/2011","Alteração","Altera a Lei nº 12.305, de 2 de agosto de 2010, para disciplinar o descarte de medicamentos de uso humano ou de uso veterinário.","2011-04-07","Resíduos Sólidos"
"14",100082,"PLS 212/2011","Criação","Institui o sistema nacional de redução de emissões por desmatamento e degradação, conservação, manejo florestal sustentável, manutenção e aumento dos estoques de carbono florestal (REDD+), e dá outras providências.
","2011-05-03","Conservação da Natureza e Florestas"
"15",100378,"PLS 281/2011","Criação","Estabelece regime especial para a definição da área de reserva legal em propriedade ou posse situada na Amazônia Legal.","2011-05-24","Conservação da Natureza e Florestas"
"16",101650,"PLS 488/2011","Criação","Dispõe sobre a coleta e a destinação final de equipamentos eletroeletrônicos descartados e seus componentes.","2011-08-17","Resíduos Sólidos"
"17",101947,"PLS 537/2011","Criação","Estabelece a forma de recolhimento e destinação final de baterias automotivas e industriais, compostas por Chumbo e Ácido Sulfúrico.","2011-08-31","Resíduos Sólidos"
"18",100948,"PLS 371/2011","Criação","Dispõe sobre a proibição da extração, da importação, do transporte, do armazenamento e da industrialização do amianto e dos minérios e rochas que contenham silicatos hidratados, bem como a proibição da importação e da comercialização dos produtos que os utilizem como matéria-prima.","2011-06-30","Sustentabilidade e Energias Renováveis"
"19",101046,"PLS 396/2011","Alteração","Altera a Lei nº 8.427, de 27 de maio de 1992, para autorizar a concessão de subvenção econômica para agricultores familiares e empreendedores familiares rurais que empreendam práticas de conservação ambiental.","2011-07-06","Conservação da Natureza e Florestas"
"20",98967,"PLS 5/2011","Alteração","Altera a Lei nº 8.666, de 21 de junho de 1993, para incluir exigências quanto a critérios de sustentabilidade ambiental nas normas gerais sobre licitações e contratos administrativos.","2011-02-03","Sustentabilidade e Energias Renováveis"
"21",106866,"PLS 299/2012","Alteração","Altera a Lei nº 7.347, de 24 de julho de 1985, para dispor sobre a cumulação dos deveres de reparação do dano ambiental e de indenização, e dá outras providências.","2012-08-08","Crimes e Infrações Ambientais"
"22",105249,"PLS 123/2012","Criação","Dispõe sobre as áreas consolidadas em áreas de preservação permanente e em áreas de reserva legal, e dá outras providências.","2012-04-25","Conservação da Natureza e Florestas"
"23",107084,"PLS 310/2012","Alteração","Dá nova redação ao art. 15-A e acrescenta-se § 2º ao art. 34, ambos do Decreto-Lei nº 3.365, de 21 de junho de 1941, para dispor sobre a fixação dos juros compensatórios devidos em decorrência das desapropriações por necessidade ou utilidade pública e interesse social, inclusive para fins de reforma agrária, bem como dispor sobre a indenização de área não registrada nas desapropriações por utilidade pública.","2012-08-28","Política Fundiária e Reforma Agrária"
"24",104955,"PLS 94/2012","Criação","Institui, em processos licitatórios para exploração de petróleo, gás natural ou outros hidrocarbonetos, a necessidade de incluir disposição que trate de planos de emergência para os casos de vazamento ou derramamento de óleo ou derivados, como requisito de edital, como critério de julgamento de licitação e como condição contratual.","2012-04-11","Conservação da Natureza e Florestas"
"25",105590,"PLS 158/2012","Alteração","Altera a Lei nº 9.279, de 14 de maio de 1996, que “regula direitos e obrigações relativos à propriedade industrial”, para conferir prioridade ao exame do pedido de patentes verdes.","2012-05-16","Conservação da Natureza e Florestas"
"26",106048,"PLS 204/2012","Alteração","Altera a Lei nº 12.651, de 25 de maio de 2012, para permitir a dedução integral das Áreas de Preservação Permanente, de Reserva Legal e de uso restrito da base de cálculo do Imposto sobre a Propriedade Territorial Rural.","2012-06-13","Conservação da Natureza e Florestas"
"27",107967,"PLS 368/2012","Alteração","Altera a Lei nº 12.651, de 25 de maio de 2012, para dispor sobre as Áreas de Preservação Permanentes em áreas urbanas.
","2012-10-16","Conservação da Natureza e Florestas"
"28",105916,"PLS 187/2012","Criação","Permite a dedução do imposto de renda de valores doados a projetos e atividades de reciclagem.","2012-05-31","Sustentabilidade e Energias Renováveis"
"29",106187,"PLS 217/2012","Alteração","Altera a Lei nº 6.938, de 31 de agosto de 1981, que dispõe sobre a Política Nacional do Meio Ambiente, seus fins e mecanismos de formulação e aplicação, e dá outras providências, para incluir os aspectos sociais no escopo das avaliações de impacto ambiental.","2012-06-26","Empreendimentos Ambientais e Espaços Urbanos"
"30",108550,"PLS 398/2012","Criação","Dispõe sobre o domínio e uso das águas em depósito, decorrentes de obras da União, de que trata o art. 26, I, da Constituição, altera os arts. 12 e 13 da Lei nº 9.433, de 8 de janeiro de 1997, e dá outras providências.","2012-11-06","Recursos Hídricos"
"31",109392,"PLS 439/2012","Criação","Proíbe a utilização de sacolas plásticas pelos estabelecimentos comerciais.","2012-12-04","Resíduos Sólidos"
"32",105566,"PLS 155/2012","Criação","Destina recursos ao Fundo Nacional de Meio Ambiente, instituído pela Lei nº 7.797, de 10 de julho de 1989, para o pagamento por serviços ambientais e para a recomposição da cobertura vegetal em áreas de preservação permanente ripárias.","2012-05-15","Empreendimentos Ambientais e Espaços Urbanos"
"33",106810,"PLS 289/2012","Alteração","Altera a Lei nº 6.404, de 15 de dezembro de 1976, para dispor sobre a obrigatoriedade de Relatório de Sustentabilidade para as companhias ou sociedades anônimas","2012-08-07","Empreendimentos Ambientais e Espaços Urbanos"
"34",106176,"PLS 214/2012","Criação","Institui Política de Desenvolvimento Sustentável do Cerrado.","2012-06-25","Conservação da Natureza e Florestas"
"35",106861,"PLS 300/2012","Criação","Dispõe sobre o instituto da multa civil, aplicável às questões ambientais, e dá outras providências.","2012-08-08","Crimes e Infrações Ambientais"
"36",111918,"PLS 104/2013","Alteração","
Altera a Lei nº 9.605, de 12 de fevereiro, de 1998, que dispõe sobre as sanções penais e administrativas derivadas de condutas e atividades lesivas ao meio ambiente, e dá outras providências.","2013-03-27","Crimes e Infrações Ambientais"
"37",115227,"PLS 475/2013","Criação","Dispõe sobre a concessão de subvenção econômica nas operações de crédito para financiamento da aquisição de equipamentos de geração de energia eólica e fotovoltaica de capacidade reduzida.","2013-11-12","Sustentabilidade e Energias Renováveis"
"38",114926,"PLS 438/2013","Alteração","Altera o art. 1º da Lei nº 11.794, de 8 de outubro de 2008, para proibir o uso de animais em testes de produtos cosméticos.","2013-10-22","Proteção aos Animais"
"39",115855,"PLS 534/2013","Alteração","Altera a Lei nº 9.795, de 27 de abril de 1999, que dispõe sobre a educação ambiental, institui a Política Nacional de Educação Ambiental e dá outras providências.","2013-12-17","Educação Ambiental"
"40",113339,"PLS 252/2013","Alteração","Altera a Lei nº 6.938, de 31 de agosto de 1981, que dispõe sobre a Política Nacional de Meio Ambiente, para determinar que os padrões de qualidade ambiental sejam estabelecidos em conformidade com a avaliação do ciclo de vida do produto; e as Leis nº 8.666, de 21 de junho de 1993, que institui normas para licitações e contratos da Administração Pública, e nº 12.462, de 4 de agosto de 2011, que institui o Regime Diferenciado de Contratações Públicas – RDC, para incluir normas de avaliação do ciclo de vida do produto nas obras públicas.","2013-06-25","Empreendimentos Ambientais e Espaços Urbanos"
"41",113552,"PLS 273/2013","Alteração","Altera a Lei nº 12.305, de 2 de agosto de 2010, que institui a Política Nacional de Resíduos Sólidos, para determinar que os fabricantes de produtos industrializados utilizem materiais reciclados como insumo.","2013-07-04","Resíduos Sólidos"
"42",115630,"PLS 505/2013","Criação","Cria a Tarifa Social de Água e Esgoto e dá outras Providências.","2013-12-04","Recursos Hídricos"
"43",115920,"PLS 556/2013","Criação","Concede incentivos fiscais, econômicos e creditícios para o desenvolvimento de atividades sustentáveis.","2013-12-20","Sustentabilidade e Energias Renováveis"
"44",113834,"PLS 305/2013","Alteração","Acrescenta dispositivos à Lei nº 11.284, de 2 de março de 2006, que aprova o Plano Anual de Outorga Florestal - PAOF.","2013-08-06","Política Fundiária e Reforma Agrária"
"45",114514,"PLS 390/2013","Alteração","Altera a Lei nº 12.651, de 25 de maio de 2012, para dispor sobre o percentual de Reserva Legal para imóveis rurais situados no Estado de Rondônia.","2013-09-24","Conservação da Natureza e Florestas"
"46",115760,"PLS 523/2013","Alteração","Altera a Lei nº 12.305, de 2 de agosto de 2010, que institui a Política Nacional de Resíduos Sólidos; altera a Lei nº 9.605, de 12 de fevereiro de 1998; e dá outras providências, para acrescentar a proibição de descarte irregular de resíduos ou rejeitos em vias públicas, na forma da legislação local.","2013-12-11","Resíduos Sólidos"
"47",112744,"PLS 191/2013","Criação","Dispõe sobre a obrigatoriedade da instalação de sistemas de aproveitamento de água da chuva na construção de prédios públicos bem como sobre a utilização de telhados ambientalmente corretos.","2013-05-16","Recursos Hídricos"
"48",113724,"PLS 291/2013","Alteração","Altera a Lei nº 11.445, de 5 de janeiro de 2007, para regular a cobrança pela prestação dos serviços de esgotamento sanitário.","2013-07-15","Recursos Hídricos"
"49",113903,"PLS 327/2013","Alteração","Altera a Lei nº 12.651, de 25 de maio de 2012, que dispõe sobre a proteção da vegetação nativa, para explicitar sua aplicação ao ecossistema do lavrado.","2013-08-08","Conservação da Natureza e Florestas"
"50",114197,"PLS 349/2013","Alteração","Altera a Lei nº 6.001, de 19 de dezembro de 1973 (Estatuto do índio).","2013-09-02","Política Fundiária e Reforma Agrária"
"51",112115,"PLS 112/2013","Alteração","Altera a Lei nº 11.445, de 5 de janeiro de 2007, que estabelece diretrizes nacionais para o saneamento básico; altera as Leis nºs 6.766, de 19 de dezembro de 1979, 8.036, de 11 de maio de 1990, 8.666, de 21 de junho de 1993, 8.987, de 13 de fevereiro de 1995; revoga a Lei nº 6.528, de 11 de maio de 1978; e dá outras providências, com o objetivo de instituir incentivos e programas para implantação de sistemas de coleta, armazenamento e utilização de águas pluviais em condomínios residenciais e comerciais.","2013-04-04","Recursos Hídricos"
"52",114354,"PLS 368/2013","Criação","Dispõe sobre a demarcação e a legitimação de posse para fins de regularização fundiária rural de interesse social.","2013-09-12","Política Fundiária e Reforma Agrária"
"53",114393,"PLS 378/2013","Alteração","Altera a Lei nº 9.074, de 7 de junho de 1995, e as Leis nº 10.847 e nº 10.848, ambas de 15 de março de 2004, para condicionar a realização de leilões de linhas de transmissão da rede básica e de novos empreendimentos de geração à obtenção da respectiva Licença Prévia, junto ao órgão licenciador ambiental.","2013-09-17","Empreendimentos Ambientais e Espaços Urbanos"
"54",115631,"PLS 506/2013","Criação","Dispõe sobre a criação do Programa Nacional do Bioquerosene como incentivo à sustentabilidade ambiental da aviação brasileira e dá outras providências.","2013-12-04","Sustentabilidade e Energias Renováveis"
"55",111251,"PLS 67/2013","Alteração","Altera a Lei nº 12.305, de 2 de agosto de 2010, que institui a Política Nacional de Resíduos Sólidos, para dispor sobre a logística reversa de veículos automotores.","2013-03-05","Resíduos Sólidos"
"56",112860,"PLS 202/2013","Criação","Institui a Política Nacional de Estímulo à Transição para a Economia Verde.","2013-05-23","Sustentabilidade e Energias Renováveis"
"57",113566,"PLS 276/2013","Criação","Institui a Política Nacional de Pagamento por Serviços Ambientais (PNPSA).","2013-07-04","Empreendimentos Ambientais e Espaços Urbanos"
"58",116214,"PLS 47/2014","Criação","Proíbe a distribuição de animais a título de sorteio ou brinde.","2014-02-19","Proteção aos Animais"
"59",118404,"PLS 248/2014","Criação","Estabelece regras para preservar a calha principal e o curso natural do rio Araguaia.","2014-08-05","Recursos Hídricos"
"60",119356,"PLS 382/2014","Alteração","Altera as Leis n°s 8.171, de 17 de janeiro de 1991, e 12.787, de 11 de janeiro de 2013, para promover o uso sustentável dos equipamentos de irrigação na agricultura brasileira.","2014-12-09","Conservação da Natureza e Florestas"
"61",119357,"PLS 386/2014","Alteração","Altera a Lei Complementar nº 101, de 4 de maio de 2000, e a Lei nº 10.522, de 19 de julho de 2002, para facilitar a celebração de convênios, acordos, ajustes ou contratos voltados para a disposição final ambientalmente adequada de rejeitos.","2014-12-09","Resíduos Sólidos"
"62",118845,"PLS 317/2014","Criação","Autoriza o Poder Executivo a conceder empréstimos subsidiados a empresas ou pessoas jurídicas que desejem adquirir bicicletas ou construir bicicletários para o uso dos funcionários, entre outras coisas.","2014-11-07","Sustentabilidade e Energias Renováveis"
"63",119534,"PLS 426/2014","Alteração","Altera a Lei Complementar nº 101, de 4 de maio de 2000, e a Lei nº 10.522, de 19 de julho de 2002, para facilitar a celebração de convênios, acordos, ajustes ou contratos voltados para a disposição final ambientalmente adequada de rejeitos.","2014-12-18","Resíduos Sólidos"
"64",116010,"PLS 12/2014","Criação","Dispõe sobre incentivos para fomentar a reutilização de recursos hídricos no âmbito da Contribuição para o Programa de Integração Social e de Formação do Patrimônio do Servidor Público - PIS/PASEP, da Contribuição para o Financiamento da Seguridade Social - COFINS, do Imposto sobre Produtos Industrializados - IPI e Imposto de Renda Pessoa Jurídica - IRPJ.","2014-02-04","Recursos Hídricos"
"65",118684,"PLS 288/2014","Alteração","Altera a Lei nº 9.433, de 8 de janeiro de 1997, que institui a Política Nacional de Recursos Hídricos, cria o Sistema Nacional de Gerenciamento de Recursos Hídricos, regulamenta o inciso XIX do art. 21 da Constituição Federal, e altera o art. 1º da Lei nº 8.001, de 13 de março de 1990, que modificou a Lei nº 7.990, de 28 de dezembro de 1989, e a Lei nº 9.984, de 17 de julho de 2000, que dispõe sobre a criação da Agência Nacional de Águas - ANA, entidade federal de implementação da Política Nacional de Recursos Hídricos e de coordenação do Sistema Nacional de Gerenciamento de Recursos Hídricos, e dá outras providências, para atribuir aos Comitês de Bacia Hidrográfica a competência de decidir sobre as alterações de vazão outorgada de reservatórios regularizadores existentes na sua respectiva bacia.","2014-10-16","Recursos Hídricos"
"66",119355,"PLS 383/2014","Criação","Autoriza o Poder Executivo a conceder empréstimos subsidiados a empresas ou pessoas jurídicas que desejem adquirir bicicletas ou construir bicicletários para o uso dos funcionários, entre outras coisas.","2014-12-09","Sustentabilidade e Energias Renováveis"
"67",119536,"PLS 425/2014","Alteração","Prorroga o prazo para a disposição final ambientalmente adequada dos rejeitos de que trata o art. 54 da Lei nº 12.305, de 2 de agosto de 2010.","2014-12-18","Resíduos Sólidos"
"68",116415,"PLS 78/2014","Alteração","Altera a Lei nº 12.651, de 25 de maio de 2012, para dispor sobre o regime de uso da área de Reserva Legal dos imóveis rurais situados no ecossistema do Lavrado.","2014-03-12","Conservação da Natureza e Florestas"
"69",118989,"PLS 337/2014","Alteração","Altera o Decreto-Lei nº 340, de 22 de dezembro de 1967, que acrescenta disposições disciplinadoras ao Decreto-Lei nº 288, de 28 de fevereiro de 1967, e dá outras providências, para alterar as vedações aplicáveis aos incentivos fiscais vigentes na Zona Franca de Manaus.","2014-11-18","Sustentabilidade e Energias Renováveis"
"70",116261,"PLS 52/2014","Alteração","Altera a Lei nº 8.723, de 8 de outubro de 1993, para instituir a etiquetagem veicular.","2014-02-21","Empreendimentos Ambientais e Espaços Urbanos"
"71",117456,"PLS 166/2014","Criação","Dispõe sobre medidas que regulem a expansão do plantio de soja na Amazônia Legal.","2014-05-07","Conservação da Natureza e Florestas"
"72",118564,"PLS 265/2014","Alteração","Altera a Lei nº 9.433, de 8 de janeiro de 1997, e a Lei nº 9.984, de 17 de julho de 2000, para incluir exigências quanto à alteração da vazão de reservatórios regularizadores em outorga de direitos de uso de recursos hídricos.","2014-09-02","Recursos Hídricos"
"73",119027,"PLS 344/2014","Alteração","Altera a Lei nº 9.433, de 8 de janeiro de 1997, que institui a Política Nacional de Recursos Hídricos, para garantir a reprodução das cheias naturais a jusante dos reservatórios operados por agentes públicos e privados.","2014-11-19","Recursos Hídricos"
"74",116216,"PLS 45/2014","Alteração","Altera a Lei nº 11.794, de 8 de outubro de 2008, para proibir a utilização de animais na pesquisa e no desenvolvimento de produtos cosméticos e de higiene pessoal.","2014-02-19","Proteção aos Animais"
"75",116460,"PLS 90/2014","Criação","Declara de interesse social, para fins de desapropriação destinada à reforma agrária, as áreas rurais que ladeiam os eixos rodoviários federais, os leitos das ferrovias nacionais, e as terras beneficiadas ou recuperadas por investimentos da União em obras de irrigação, drenagem, açudagem, e outras espécies de melhoramentos, que não estejam cumprindo sua função social, e dá outras providências.","2014-03-13","Política Fundiária e Reforma Agrária"
"76",119024,"PLS 345/2014","Criação","Dispõe sobre a revitalização da bacia hidrográfica do rio São Francisco e o incentivo às atividades econômicas dependentes de seus recursos hídricos.","2014-11-19","Recursos Hídricos"
"77",119418,"PLS 403/2014","Alteração","Altera as Leis nos 12.546, de 14 de dezembro de 2011, 12.375, de 30 de dezembro de 2010, e 9.249, de 26 de dezembro de 1995, para instituir medidas de desoneração tributária de atividades relacionadas à logística reversa de que trata a Lei nº 12.305, de 2 de agosto de 2010 (Política Nacional de Resíduos Sólidos).","2014-12-11","Resíduos Sólidos"
"78",119400,"PLS 397/2014","Alteração","Altera a Lei nº 9.433, de 8 de janeiro de 1997, para facultar a aplicação em investimentos privados dos valores arrecadados com a cobrança pelo uso de recursos hídricos.","2014-12-10","Recursos Hídricos"
"79",120655,"PLS 214/2015","Alteração","Modifica o Código 20 do Anexo VIII da Lei nº 6.938, de 31 de agosto de 1981, acrescido pela Lei nº 10.165, de 27 de dezembro de 2000, para excluir a silvicultura do rol de atividades potencialmente poluidoras e utilizadoras de recursos ambientais.","2015-04-13","Conservação da Natureza e Florestas"
"80",120999,"PLS 259/2015","Alteração","Altera a Lei nº 11.445, de 5 de janeiro de 2007, que estabelece diretrizes nacionais para o saneamento básico, para incentivar a dessalinização da água do mar e das águas salobras subterrâneas.","2015-04-30","Recursos Hídricos"
"81",122989,"PLS 578/2015","Alteração","Altera a redação do § 2º do art. 5º da Lei nº 7.797, de 10 de julho de 1989, que cria o Fundo Nacional de Meio Ambiente e dá outras providências, para incluir como prioritárias as aplicações de recursos financeiros na Caatinga.","2015-09-02","Conservação da Natureza e Florestas"
"82",123946,"PLS 719/2015","Criação","Proíbe a comercialização e o uso de embalagens e recipientes de poliestireno destinados ao acondicionamento de alimentos e bebidas.","2015-11-10","Resíduos Sólidos"
"83",124173,"PLS 750/2015","Alteração","Altera a Lei nº 12.187, de 29 de dezembro de 2009, que institui a Política Nacional sobre Mudança do Clima – PNMC e dá outras providências, para adotar, como compromisso nacional voluntário adicional, ações de adaptação e mitigação de emissão de gases de efeito estufa para os anos de 2025 e 2030.","2015-11-24","Educação Ambiental"
"84",119891,"PLS 85/2015","Alteração","Altera a Lei nº 6.088, de 16 de julho de 1974, que “dispõe sobre a criação da Companhia de Desenvolvimento do Vale do São Francisco – Codevasf – e dá outras providências.","2015-03-04","Recursos Hídricos"
"85",122111,"PLS 429/2015","Alteração","Altera a Lei nº 8.001, de 13 de março de 1990, e a Lei nº 9.648, de 27 de maio de 1998, para aumentar em três pontos percentuais a compensação financeira pela exploração de recursos hídricos de aproveitamentos hidroelétricos na Bacia do Rio São Francisco, destinar o aumento à revitalização do Rio, e dá outras providências.","2015-07-02","Recursos Hídricos"
"86",123104,"PLS 602/2015","Criação","Dispõe sobre a criação do Balcão Único de Licenciamento Ambiental, estabelece procedimento para o processo de licenciamento ambiental dos empreendimentos considerados estratégicos e prioritários para o Estado e dá outras providências.","2015-09-09","Empreendimentos Ambientais e Espaços Urbanos"
"87",123290,"PLS 640/2015","Alteração","Altera a Lei nº 12.651, de 25 de maio de 2012, que dispõe sobre o novo Código Florestal brasileiro, para autorizar a apresentação do Cadastro Ambiental Rural – CAR em substituição ao Ato Declaratório Ambiental – ADA.","2015-09-23","Política Fundiária e Reforma Agrária"
"88",123756,"PLS 699/2015","Alteração","Altera a Lei nº 12.651, de 25 de maio de 2012, que trata do Código Florestal brasileiro, para incluir o uso de Veículos Aéreos Não Tripulados (VANTs) entre as finalidades das ações de recuperação, conservação e uso sustentável das florestas e demais formas de vegetação nativa.","2015-10-22","Conservação da Natureza e Florestas"
"89",123926,"PLS 717/2015","Criação","Dispõe sobre diretrizes e instrumentos para o planejamento de ações de responsabilidade socioambiental a serem observadas pela União, Estados, Distrito Federal e Municípios, com o fim de garantir a proteção do meio ambiente e o combate à poluição nas atividades dos órgãos e entidades públicos.","2015-11-05","Conservação da Natureza e Florestas"
"90",124112,"PLS 743/2015","Alteração","Altera a Lei 12.305 de 2 de Agosto de 2010 e dá outras providências.","2015-11-19","Resíduos Sólidos"
"91",124508,"PLS 794/2015","Alteração","Altera as Leis nº 6.938, de 31 de agosto de 1981, que dispõe sobre a Política Nacional do Meio Ambiente, seus fins e mecanismos de formulação e aplicação, e dá outras providências, e nº 7.347, de 24 de julho de 1985, que disciplina a ação civil pública de responsabilidade por danos causados ao meio ambiente, ao consumidor, a bens e direitos de valor artístico, estético, histórico turístico e paisagístico, e dá outras providências, para definir dano ambiental e estabelecer a necessidade de indenização quanto aos impactos econômicos dele decorrentes.","2015-12-17","Crimes e Infrações Ambientais"
"92",119619,"PLS 13/2015","Alteração","Altera a Lei nº 9.433, de 8 de janeiro de 1997, (Política Nacional de Recursos Hídricos) e a Lei nº 11.445, de 5 de janeiro de 2007 (Lei de Saneamento Básico) para promover o uso de fontes alternativas de abastecimento de água.","2015-02-04","Recursos Hídricos"
"93",122192,"PLS 444/2015","Alteração","Altera a Lei nº 11.445, de 5 de janeiro de 2007, para instituir como direito da população o acesso a relatórios periódicos sobre o nível dos reservatórios de água para abastecimento público e outros dados relativos à segurança hídrica.","2015-07-07","Recursos Hídricos"
"94",123044,"PLS 587/2015","Alteração","Altera a Lei nº 9.433, de 8 de janeiro de 1997, para incluir nos Planos de Recursos Hídricos a promoção de campanhas educacionais periódicas para estimular o uso racional da água.","2015-09-08","Recursos Hídricos"
"95",123276,"PLS 631/2015","Criação","Institui o Estatuto dos Animais e altera a redação do art. 32 da Lei no 9.605, de 12 de fevereiro de 1998.","2015-09-23","Proteção aos Animais"
"96",123372,"PLS 654/2015","Criação","Dispõe sobre o procedimento de licenciamento ambiental especial para empreendimentos de infraestrutura considerados estratégicos e de interesse nacional.","2015-09-29","Empreendimentos Ambientais e Espaços Urbanos"
"97",123558,"PLS 677/2015","Criação","Institui o Estatuto dos Animais, altera a Lei nº 9.605, de 12 de fevereiro de 1998, que dispõe sobre as sanções penais e administrativas derivadas de condutas e atividades lesivas ao meio ambiente, e dá outras providências.","2015-10-07","Proteção aos Animais"
"98",123822,"PLS 705/2015","Alteração","Altera a redação do § 7º do art. 12 da Lei nº 12.651, de 25 de maio de 2012, que dispõe sobre a proteção da vegetação nativa; altera as Leis nos 6.938, de 31 de agosto de 1981, 9.393, de 19 de dezembro de 1996, e 11.428, de 22 de dezembro de 2006; revoga as Leis nos 4.771, de 15 de setembro de 1965, e 7.754, de 14 de abril de 1989, e a Medida Provisória no 2.166-67, de 24 de agosto de 2001; e dá outras providências, para excluir da obrigatoriedade da reserva legal as áreas nas quais funcionem empreendimentos de geração de energia elétrica de fonte eólica ou solar.","2015-10-28","Conservação da Natureza e Florestas"
"99",123985,"PLS 734/2015","Alteração","Altera a Lei nº 8.629, de 25 de fevereiro de 1993, que dispõe sobre a regulamentação dos dispositivos constitucionais relativos à reforma agrária, previstos no Capítulo III, Título VII, da Constituição Federal, para tratar da medição e demarcação de lotes distribuídos para fins de reforma agrária e para ampliar a gratuidade da alienação desses imóveis cujas áreas não ultrapassem dois módulos fiscais.","2015-11-10","Política Fundiária e Reforma Agrária"
"100",119621,"PLS 15/2015","Alteração","Altera a Lei nº 11.977, de 7 de julho de 2009, que dispõe sobre o Programa Minha Casa, Minha Vida – PMCMV e a regularização fundiária de assentamentos localizados em áreas urbanas; altera o Decreto-Lei nº 3.365, de 21 de junho de 1941, as Leis nºs 4.380, de 21 de agosto de 1964, 6.015, de 31 de dezembro de 1973, 8.036, de 11 de maio de 1990, e 10.257, de 10 de julho de 2001, e a Medida Provisória nº 2.197-43, de 24 de agosto de 2001; e dá outras providências, para determinar a exigência de sistemas de captação de águas pluviais.","2015-02-04","Recursos Hídricos"
"101",120763,"PLS 228/2015","Alteração","Altera a Lei nº 12.787, de 11 de janeiro de 2013, para incluir na Política Nacional de Irrigação a promoção do uso racional dos recursos hídricos.","2015-04-15","Recursos Hídricos"
"102",120777,"PLS 232/2015","Alteração","Altera a Lei nº 7.661, de 16 de maio de 1988, para incluir como diretriz do Plano Nacional de Gerenciamento Costeiro o controle da erosão marítima e fluvial.","2015-04-16","Recursos Hídricos"
"103",120890,"PLS 243/2015","Alteração","Altera o art. 38 e 38-A da Lei nº 9.605, de 12 de fevereiro de 1998, para majorar a pena do crime de destruição ou danificação de floresta em área de preservação permanente, bem como para tipificar o crime de destruição ou danificação da vegetação da Amazônia Legal.","2015-04-27","Conservação da Natureza e Florestas"
"104",121398,"PLS 304/2015","Criação","Dispõe sobre a obrigatoriedade da instalação de “Terraço Verde” nos locais que especifica e dá outras providências.","2015-05-26","Empreendimentos Ambientais e Espaços Urbanos"
"105",123827,"PLS 706/2015","Alteração","Altera a Lei nº 13.033, de 24 de setembro de 2014, para instituir a adoção da adição obrigatória de até 30% de biodiesel ao óleo diesel comercializado com o consumidor final até o ano 2040.","2015-10-28","Sustentabilidade e Energias Renováveis"
"106",123890,"PLS 712/2015","Alteração","Altera a Lei nº 12.187, de 29 de dezembro de 2009, para estabelecer meta de participação de fontes renováveis na matriz energética brasileira para o ano de 2040.","2015-11-03","Sustentabilidade e Energias Renováveis"
"107",123984,"PLS 733/2015","Alteração","Altera a Lei nº 12.651, de 25 de maio de 2012, que dispõe sobre o novo Código Florestal brasileiro, para autorizar a inscrição no Cadastro Ambiental Rural – CAR, de forma individualizada, dos lotes de assentamentos da Reforma Agrária.","2015-11-10","Política Fundiária e Reforma Agrária"
"108",124351,"PLS 770/2015","Alteração","Acrescenta § 4º à Lei nº 9.433, de 8 de janeiro de 1997, para assegurar os recursos arrecadados sejam destinados a obras que tenham por finalidade a melhoria da quantidade e qualidade dos recursos hídricos da bacia hidrográfica.","2015-12-07","Recursos Hídricos"
"109",120576,"PLS 202/2015","Alteração","Altera a Lei nº 9.393, de 19 de dezembro de 1996, para prever isenção do Imposto sobre a Propriedade Territorial Rural (ITR) a imóvel rural localizado à margem do Rio São Francisco, dos seus afluentes e de suas nascentes em que esteja preservada ou em processo de recomposição a vegetação das áreas de preservação permanente de que trata o inciso I do art. 4º da Lei nº 12.651, de 25 de maio de 2012.","2015-04-08","Conservação da Natureza e Florestas"
"110",120625,"PLS 204/2015","Alteração","Altera o art. 54 da Lei nº 9.605, de 12 de fevereiro de 1998, para majorar a pena do crime de poluição de manancial de água.","2015-04-08","Crimes e Infrações Ambientais"
"111",120737,"PLS 221/2015","Alteração","Altera a Lei no 9.795, de 27 de abril de 1999, que “dispõe sobre a educação ambiental, institui a Política Nacional de Educação Ambiental e dá outras providências”, para incluir como objetivo fundamental da educação ambiental o estímulo a ações que promovam o uso sustentável dos recursos naturais e a educação ambiental como disciplina específica no ensino fundamental e médio, e a Lei no 9.394, de 20 de dezembro de 1996, que fixa as diretrizes e bases da educação, para tornar a educação ambiental disciplina obrigatória.","2015-04-15","Educação Ambiental"
"112",122035,"PLS 405/2015","Alteração","Altera o art. 3º da Lei nº 7.990, de 28 de dezembro de 1989, altera o art. 17 e inclui o art. 17-A, ambos da Lei nº 9.648 de 28 de maio de 1998, para aumentar a compensação financeira pela utilização de recursos hídricos destinada a estados em cujos territórios se localizar o aproveitamento hidrelétrico, e dá outras providências.","2015-06-30","Recursos Hídricos"
"113",122105,"PLS 428/2015","Criação","Institui a Política Nacional de Desmatamento Líquido Zero da Amazônia Legal e do Cerrado.","2015-07-02","Conservação da Natureza e Florestas"
"114",122532,"PLS 505/2015","Criação","Dispõe sobre os reservatórios de acumulação de recursos hídricos em rios de domínio dos Estados e da União.","2015-08-04","Recursos Hídricos"
"115",123360,"PLS 650/2015","Criação","Dispõe sobre a proteção e defesa do bem-estar dos animais e cria o Sistema Nacional de Proteção e Defesa do Bem-Estar dos Animais (SINAPRA); o Conselho Nacional de Proteção e Defesa do Bem-Estar dos Animais (CONAPRA); altera a redação do art. 2o da Lei no 7.173, de 14 de dezembro de 1983; altera a redação do art. 32 da Lei no 9.605, de 12 de fevereiro de 1998; acrescenta o § 4º ao art. 1o da Lei n o 11.794, de 8 de outubro de 2008, e revoga a Lei n o 10.519, de 17 de junho de 2002.","2015-09-29","Proteção aos Animais"
"116",124055,"PLS 741/2015","Alteração","Altera a Lei nº 9.605, de 12 de fevereiro de 1998, para determinar que as multas por infração ambiental, em situação de emergência ou estado de calamidade pública, provocados por desastres ambientais, sejam revertidas, em sua totalidade, para as regiões afetadas.","2015-11-17","Crimes e Infrações Ambientais"
"117",120078,"PLS 108/2015","Alteração","Altera a Lei nº 11.445, de 5 de janeiro de 2007, que estabelece diretrizes para o saneamento básico e dá outras providências, para criar incentivos ao uso moderado da água tratada e ao aproveitamento de águas pluviais e de reúso.","2015-03-12","Recursos Hídricos"
"118",123086,"PLS 595/2015","Criação","Dispõe sobre a proteção ambiental e a promoção do ecoturismo em Unidades de Conservação através da gestão compartilhada com hotéis-cassino autorizados à exploração de jogos de apostas, cria Contribuição de Intervenção no Domínio Econômico incidente sobre a operação de hotéis-cassino (Cide Verde), altera o Decreto-Lei nº 3.688, de 3 de outubro de 1941, e as Leis nºs 9.718, de 27 de novembro de 1998, e 11.516, de 28 de agosto de 2007.","2015-09-09","Conservação da Natureza e Florestas"
"119",124174,"PLS 752/2015","Alteração","Altera a Lei nº 9.605, de 12 de fevereiro de 1998, que dispõe sobre as sanções penais e administrativas derivadas de condutas e atividades lesivas ao meio ambiente.","2015-11-24","Crimes e Infrações Ambientais"
"120",124325,"PLS 767/2015","Alteração","Altera o art. 10 da Lei nº 6.938, de 31 de agosto de 1981, que dispõe sobre a Política Nacional do Meio Ambiente, seus fins e mecanismos de formulação e aplicação, e dá outras providências, e o art. 20 do Decreto-Lei nº 73, de 21 de novembro de 1966, que dispõe sôbre o Sistema Nacional de Seguros Privados, regula as operações de seguros e resseguros e dá outras providências, para instituir o seguro mínimo obrigatório ambiental.","2015-12-03","Política Fundiária e Reforma Agrária"
"121",119665,"PLS 24/2015","Criação","Dispõe sobre a obrigatoriedade da implantação de sistemas de coleta, armazenagem e uso de águas pluviais e de reúso de águas residuais em edificações executadas com recursos da União.","2015-02-10","Recursos Hídricos"
"122",120094,"PLS 115/2015","Alteração","Altera a Lei nº 12.651, de 25 de maio de 2012, para dispor sobre a concessão de incentivos fiscais e creditícios a pessoas físicas e jurídicas que promovam a exploração de florestas plantadas localizadas fora das Áreas de Preservação Permanente e de Reserva Legal.","2015-03-16","Conservação da Natureza e Florestas"
"123",120893,"PLS 244/2015","Alteração","Acrescenta os §§ 4º e 5º ao art. 7º da Lei nº 12.651, de 25 de maio de 2012 (Código Florestal), para dispor sobre termo de responsabilidade e prazo para a recomposição da vegetação em área de preservação permanente suprimida após 22 de julho de 2008.","2015-04-27","Conservação da Natureza e Florestas"
"124",121525,"PLS 324/2015","Criação","Institui obrigatoriedade para as novas construções, residenciais, comerciais, e industriais, público ou privado, a inclusão no projeto técnico da obra, item referente a captação de água da chuva e seu reuso não potável e dá outras providências.","2015-06-01","Recursos Hídricos"
"125",121524,"PLS 326/2015","Alteração","Altera o Art. 2º da Lei nº 9.433 de 08 de janeiro de 1997 que Institui a Política Nacional de Recursos Hídricos para incluir o aproveitamento de águas pluviais como um dos seus objetivos","2015-06-01","Recursos Hídricos"
"126",122549,"PLS 507/2015","Alteração","Altera a Lei nº 9.605, de 12 de fevereiro de 1998, para majorar a pena do crime previsto no art. 29 e criar o tipo penal de tráfico de animais silvestres e de plantas silvestres.","2015-08-05","Proteção aos Animais"
"127",122555,"PLS 509/2015","Alteração","Altera a Lei nº 11.952, de 25 de junho de 2009, para ampliar o alcance das ações de regularização fundiária das ocupações incidentes em terras situadas em áreas da União, no âmbito da Amazônia Legal.","2015-08-05","Política Fundiária e Reforma Agrária"
"128",123190,"PLS 620/2015","Alteração","Altera as Leis nº 9.433, de 8 de janeiro de 1997, nº 9.984, de 17 de julho de 2000, nº 9.636, de 15 de maio de 1998, nº 9.984, de 17 de julho de 2000, e nº 11.959, de 29 de junho de 2009, para disciplinar o processo de licenciamento de parques e áreas aquícolas de pequeno porte.","2015-09-16","Recursos Hídricos"
"129",119767,"PLS 51/2015","Alteração","Altera as Leis nº 11.445, de 5 de janeiro de 2007, que estabelece diretrizes nacionais para o saneamento básico; altera as Leis nº 6.766, de 19 de dezembro de 1979, 8.036, de 11 de maio de 1990, 8.666, de 21 de junho de 1993, 8.987, de 13 de fevereiro de 1995; revoga a Lei nº 6.528, de 11 de maio de 1978; e dá outras providências, e nº 10.257, de 10 de julho de 2001, que regulamenta os arts. 182 e 183 da Constituição Federal, estabelece diretrizes gerais da política urbana e dá outras providências, para instituir normas sobre o abastecimento de água por fontes alternativas.","2015-02-25","Recursos Hídricos"
"130",119846,"PLS 77/2015","Criação","Dispõe sobre a proteção, a regeneração e a utilização da Floresta Amazônica, patrimônio nacional conforme o § 4º do art. 225 da Constituição Federal, e dá outras providências.","2015-03-03","Conservação da Natureza e Florestas"
"131",119892,"PLS 86/2015","Criação","Institui normas gerais para a revitalização da bacia hidrográfica do rio São Francisco.","2015-03-04","Recursos Hídricos"
"132",120256,"PLS 143/2015","Alteração","Altera a Lei nº 9.605, de 12 de fevereiro de 1998, para prever critérios objetivos para a aplicação da pena à pessoa jurídica condenada por crime ambiental.","2015-03-24","Crimes e Infrações Ambientais"
"133",120957,"PLS 250/2015","Alteração","Altera as Leis nºs 9.433, de 8 de janeiro de 1997, 1.079, de 10 de abril de 1950, e 8.429, de 2 de junho de 1992, para vedar a transposição de águas de rios ou bacias hidrográficas sem a comprovação da prévia revitalização integral do rio ou da bacia doadora.","2015-04-29","Recursos Hídricos"
"134",121285,"PLS 287/2015","Alteração","Altera a redação do § 3º do art. 29 da Lei nº 12.651, de 25 de maio de 2012, que dispõe sobre a proteção da vegetação nativa, para prorrogar o prazo de inscrição do imóvel rural no Cadastro Ambiental Rural – CAR.","2015-05-19","Política Fundiária e Reforma Agrária"
"135",121454,"PLS 317/2015","Criação","Dispõe sobre a obrigatoriedade de instalação de sistema de captação de energia solar e de sistema de captação, armazenamento e utilização de águas pluviais na construção de novos prédios públicos para a utilização em atividades que não necessitem de água potável.","2015-05-27","Recursos Hídricos"
"136",122694,"PLS 533/2015","Criação","Cria as unidades de acumulação de recursos hídricos em rios de domínio da Federação Brasileira. O CONGRESSO NACIONAL, decreta:","2015-08-13","Recursos Hídricos"
"137",124175,"PLS 753/2015","Alteração","Altera a Lei nº 11.445, de 5 de janeiro de 2007, para tornar obrigatória a implantação de sistemas de reúso direto não potável nas instalações e infraestruturas de abastecimento de água e de esgotamento sanitário construídas com recursos da União e para exigir a adequação de novas edificações nas localidades onde houver sistemas de reúso.","2015-11-24","Recursos Hídricos"
"138",124666,"PLS 6/2016","Alteração","Altera a Lei nº 12.651, de 25 de maio de 2012, para permitir o cômputo de florestas plantadas na área de reserva legal.","2016-02-02","Conservação da Natureza e Florestas"
"139",125742,"PLS 205/2016","Alteração","Altera os arts. 47 e 51 da Lei nº 12.351, de 22 de dezembro de 2010, para direcionar parte das aplicações do Fundo Social para programas e projetos de desenvolvimento de energias renováveis.","2016-05-16","Sustentabilidade e Energias Renováveis"
"140",127472,"PLS 414/2016","Alteração","Altera a Lei nº 9.605, de 12 de fevereiro de 1998, para determinar que não se aplicam às obras e aos serviços executados nas faixas de domínio das rodovias e ferrovias federais e nos portos federais já implantados as sanções da Lei de Crimes Ambientais","2016-11-16","Conservação da Natureza e Florestas"
"141",124937,"PLS 54/2016","Alteração","Altera a Lei nº 9.605, de 12 de fevereiro de 1998, que dispõe sobre as sanções penais e administrativas derivadas de condutas e atividades lesivas ao meio ambiente, e dá outras providências, para tornar crime ambiental o derramamento de chorume no solo ou nos recursos hídricos por caminhão de lixo.","2016-02-25","Crimes e Infrações Ambientais"
"142",126051,"PLS 234/2016","Criação","Dispõe sobre a obrigatoriedade da comprovação da procedência legal da madeira nativa utilizada nas obras, serviços e aquisições da Administração Pública.","2016-06-07","Empreendimentos Ambientais e Espaços Urbanos"
"143",125086,"PLS 79/2016","Alteração","Altera a redação do art. 71 da Lei nº 9.605, de 12 de fevereiro de 1998, que trata dos prazos do processo administrativo ambiental.","2016-03-09","Crimes e Infrações Ambientais"
"144",125687,"PLS 201/2016","Criação","Autoriza o controle populacional de espécies exóticas invasoras nocivas, estabelece condições para o consumo, a distribuição e a comercialização de produtos e subprodutos resultantes do abate desses animais e dá outras providências.","2016-05-05","Conservação da Natureza e Florestas"
"145",124665,"PLS 4/2016","Criação","Isenta da Contribuição para o Financiamento da Seguridade Social (COFINS) e da Contribuição para os Programas de Integração Social e de Formação do Patrimônio do Servidor Público (PIS/PASEP) a receita das operações com produtos reciclados plásticos.","2016-02-02","Resíduos Sólidos"
"146",124972,"PLS 58/2016","Alteração","Disciplina o abastecimento de água por fontes alternativas e altera as Leis nº 11.445, de 5 de janeiro de 2007, que estabelece diretrizes nacionais para o saneamento básico; nº 10.257, de 10 de julho de 2001, que regulamenta os arts. 182 e 183 da Constituição Federal, estabelece diretrizes gerais da política urbana; nº 9.605, de 12 de fevereiro de 1998, que dispõe sobre as sanções penais e administrativas derivadas de condutas e atividades lesivas ao meio ambiente e nº 9.433, de 8 de janeiro de 1997, que institui a Política Nacional de Recursos Hídricos.","2016-03-01","Recursos Hídricos"
"147",124805,"PLS 34/2016","Criação","Dispõe sobre a realização de auditorias ambientais compulsórias nos empreendimentos que desenvolvam atividades efetiva ou potencialmente poluidoras.","2016-02-17","Crimes e Infrações Ambientais"
"148",127044,"PLS 355/2016","Alteração","Altera o art. 10 da Lei nº 6.938, de 31 de Agosto de 1981, que dispõe sobre a Política Nacional do Meio Ambiente, seus fins e mecanismos de formulação e aplicação, e dá outras providências, para dispor sobre a contratação de seguro ambiental para o funcionamento de estabelecimentos e atividades de extração e tratamento de minerais sujeitos a licenciamento ambiental.","2016-10-04","Empreendimentos Ambientais e Espaços Urbanos"
"149",125942,"PLS 219/2016","Criação","Institui o dia 27 de outubro como o Dia Nacional de Proteção das Espécies em Extinção.","2016-05-31","Conservação da Natureza e Florestas"
"150",126842,"PLS 330/2016","Alteração","Altera a redação do art. 12 da Lei nº 12.651, de 25 de maio de 2012, que dispõe sobre a proteção da vegetação nativa, para isentar imóveis rurais de novos assentamentos do Programa de Reforma Agrária, com até um módulo fiscal, da obrigatoriedade de constituição de reserva legal.","2016-09-08","Política Fundiária e Reforma Agrária"
"151",127088,"PLS 375/2016","Alteração","Altera a Lei nº 12.305, de 2 de agosto de 2010, que institui a Política Nacional de Resíduos Sólidos; altera a Lei nº 9.605, de 12 de fevereiro de 1998; e dá outras providências, para inserir medicamentos de uso humano e suas embalagens no rol de produtos para os quais é obrigatória a implementação de sistema de logística reversa.","2016-10-06","Resíduos Sólidos"
"152",127240,"PLS 384/2016","Alteração","Altera a Lei nº 8.629, de 25 de fevereiro de 1993, que dispõe sobre a regulamentação dos dispositivos constitucionais relativos à reforma agrária, previstos no Capítulo III, Título VII, da Constituição Federal, para permitir ao assentado, mediante autorização do Incra, a exploração do potencial de energia eólica ou solar existente no imóvel.","2016-10-19","Política Fundiária e Reforma Agrária"
"153",127396,"PLS 402/2016","Alteração","Altera a Lei no 9.605, de 12 de fevereiro de 1998, para aumentar a pena para o crime de fabrico, venda, transporte e solta de balões incendiários.","2016-11-07","Sustentabilidade e Energias Renováveis"
"154",124747,"PLS 22/2016","Alteração","Altera a redação do art. 1º da Lei nº 8.072, de 25 de julho de 1990, para incluir no rol dos crimes hediondos a poluição ambiental com resultado morte, e o art. 54 da Lei nº 9.605, de 12 de fevereiro de 1998, para dobrar a pena se da poluição resultar morte.","2016-02-16","Crimes e Infrações Ambientais"
"155",125968,"PLS 222/2016","Criação","Institui a Política de Desenvolvimento Sustentável da Caatinga.","2016-05-31","Conservação da Natureza e Florestas"
"156",125966,"PLS 224/2016","Alteração","Altera a Lei nº 12.334, de 20 de setembro de 2010, para reforçar a efetividade da Política Nacional de Segurança de Barragens (PNSB), e a Lei nº 9.433, de 8 de janeiro de 1997, para dotar de novos instrumentos o Conselho Nacional de Recursos Hídricos (CNRH) no exercício de sua atribuição de zelar pela implementação da PNSB.","2016-05-31","Recursos Hídricos"
"157",126668,"PLS 313/2016","Criação","Autoriza a concessão de desconto do saldo devedor e ampliação do prazo de pagamento de operações de crédito rural contratadas no âmbito do Fundo de Terras e da Reforma Agrária e do Programa Nacional de Crédito Fundiário.","2016-08-11","Política Fundiária e Reforma Agrária"
"158",125507,"PLS 165/2016","Alteração","Acrescenta os arts. 28-A, 69-B e 76-A à Lei nº 9.605, de 12 de fevereiro de 1998.","2016-04-12","Crimes e Infrações Ambientais"
"159",131097,"PLS 376/2017","Criação","Dispõe sobre incentivos fiscais e econômicos aos produtores rurais da Amazônia Legal para a preservação, conservação e recuperação de cobertura florestal.","2017-10-03","Conservação da Natureza e Florestas"
"160",131907,"PLS 496/2017","Alteração","Altera os arts. 66, 67, 68 e 69-A da Lei nº 9.605, de 12 de fevereiro de 1998, que dispõe sobre as sanções penais e administrativas derivadas de condutas e atividades lesivas ao meio ambiente.","2017-12-12","Crimes e Infrações Ambientais"
"161",128432,"PLS 67/2017","Criação","Institui normas gerais para a revitalização da bacia hidrográfica do rio Parnaíba.","2017-03-22","Recursos Hídricos"
"162",129058,"PLS 131/2017","Alteração","Altera a Lei nº 9.605, de 12 de fevereiro de 1998, para aumentar o valor mínimo das multas administrativas para infrações contra o meio ambiente, tipificar crimes contra a vegetação nativa não localizada em áreas protegidas e revogar a prevalência de multas administrativas ambientais dos estados, municípios, Distrito Federal e territórios sobre as multas da União.","2017-05-02","Conservação da Natureza e Florestas"
"163",128399,"PLS 63/2017","Alteração","Altera a Lei nº 9.605, de 12 de fevereiro de 1998, para agravar a pena para quem extrair recursos minerais sem a competente autorização, permissão, concessão ou licença, ou em desacordo com a obtida.","2017-03-21","Sustentabilidade e Energias Renováveis"
"164",128425,"PLS 65/2017","Alteração","Altera a Lei nº 9.433, de 8 de janeiro de 1997, para incluir a segurança hídrica no âmbito da Política Nacional de Recursos Hídricos.","2017-03-22","Recursos Hídricos"
"165",128429,"PLS 66/2017","Alteração","Altera a Lei nº 11.445, de 5 de janeiro de 2007, para aprimorar o controle social na prestação dos serviços de abastecimento de água potável.","2017-03-22","Recursos Hídricos"
"166",129298,"PLS 159/2017","Alteração","Altera a Lei nº 6.938, de 31 de agosto de 1981, que dispõe sobre a Política Nacional do Meio Ambiente, seus fins e mecanismos de formulação e aplicação e dá outras providências, para estabelecer direitos e salvaguardas à natureza entre os princípios e objetivos da Política Nacional do Meio Ambiente.","2017-05-29","Conservação da Natureza e Florestas"
"167",130192,"PLS 243/2017","Alteração","Altera a Lei nº 12.305, de 2 de agosto de 2010, que institui a Política Nacional de Resíduos Sólidos, para determinar que os fabricantes de produtos industrializados utilizem plásticos biodegradáveis como insumo.","2017-08-01","Resíduos Sólidos"
"168",131136,"PLS 381/2017","Criação","Dispõe sobre a regularização ambiental de imóveis com área de até 1 (um) módulo fiscal e para lotes de assentamentos da reforma agrária.","2017-10-05","Política Fundiária e Reforma Agrária"
"169",131523,"PLS 436/2017","Criação","Dispõe sobre os registros imobiliários com origem em títulos de alienação ou de concessão de terras devolutas expedidos pelo Estado do Tocantins, referentes a imóveis rurais situados na faixa de 100 quilômetros de largura em cada lado do eixo das rodovias federais e dá outras providencias.","2017-11-08","Política Fundiária e Reforma Agrária"
"170",131656,"PLS 454/2017","Alteração","Altera a Lei nº 8.723, de 28 de outubro de 1993, que dispõe sobre a redução de emissão de poluentes por veículos automotores e dá outras providências, para dispor sobre a vedação a comercialização e a circulação de automóveis movidos a combustíveis fósseis.","2017-11-21","Sustentabilidade e Energias Renováveis"
"171",131332,"PLS 403/2017","Criação","Institui o Programa de Restauração de Áreas Degradadas na Amazônia – Restaura Amazônia.","2017-10-24","Conservação da Natureza e Florestas"
"172",130848,"PLS 328/2017","Alteração","Altera a Lei nº 12.305, de 2 de agosto de 2010, que “institui a Política Nacional de Resíduos Sólidos; altera a Lei nº 9.605, de 12 de fevereiro de 1998; e dá outras providências”, para incluir como conteúdo obrigatório do Plano Nacional de Resíduos Sólidos a instituição do programa nacional de aproveitamento de resíduos sólidos.","2017-09-14","Resíduos Sólidos"
"173",131072,"PLS 369/2017","Alteração","Altera o § 1º do art. 4º da Lei no 7.827, de 27 de setembro de 1989, para destinar recursos dos Fundos Constitucionais de Financiamento a ações de revitalização de bacias hidrográficas localizadas nas áreas de atuação das Superintendências de Desenvolvimento Regional.","2017-10-03","Recursos Hídricos"
"174",128531,"PLS 75/2017","Alteração","Altera a Lei nº 12.305, de 2 de agosto de 2010, para incluir óleos e gorduras de uso culinário como produtos do sistema de logística reversa.","2017-03-29","Resíduos Sólidos"
"175",128654,"PLS 97/2017","Alteração","Altera a Lei nº 9.985, de 18 de julho de 2000, que regulamenta o art. 225, § 1o, incisos I, II, III e VII da Constituição Federal, institui o Sistema Nacional de Unidades de Conservação da Natureza, para estabelecer a necessidade de anuência do Estado para criação ou alteração de unidades de conservação em seu território.","2017-04-05","Conservação da Natureza e Florestas"
"176",131906,"PLS 495/2017","Alteração","Altera a Lei nº 9.433, de 8 de janeiro de 1997, para introduzir os mercados de água como instrumento destinado a promover alocação mais eficiente dos recursos hídricos.","2017-12-12","Recursos Hídricos"
"177",133434,"PLS 263/2018","Alteração","Altera as Leis nºs 6.360, de 23 de setembro de 1976, que dispõe sobre a vigilância sanitária a que ficam sujeitos os medicamentos, as drogas, os insumos farmacêuticos e correlatos, cosméticos, saneantes e outros produtos, e dá outras providências, e 12.305, de 2 de agosto de 2010, que institui a Política Nacional de Resíduos Sólidos, para vedar o uso de micropartículas de plástico na composição de produtos cosméticos, e para proibir a fabricação, a importação, a distribuição, ainda que a título gratuito, e a comercialização de sacolas plásticas para acondicionamento e transporte de mercadorias, bem como de utensílios plásticos descartáveis para consumo de alimentos e bebidas, com exceção dos fabricados com material integralmente biodegradável.","2018-05-28","Resíduos Sólidos"
"178",133783,"PLS 317/2018","Alteração","Altera a Lei nº 11.445, de 5 de janeiro de 2007, e a Lei nº 9.433, de 8 de janeiro de 1997, para incentivar a redução de perdas na distribuição de água tratada.","2018-06-26","Educação Ambiental"
"179",134055,"PLS 358/2018","Criação","Proíbe a venda de animais de estimação nas vias de circulação ou em ambiente público fora de estabelecimento comercial.","2018-08-08","Proteção aos Animais"
"180",132156,"PLS 29/2018","Alteração","Altera a Lei nº 7.797, de 10 de julho de 1989, que cria o Fundo Nacional de Meio Ambiente e dá outras providências, para acrescentar a prevenção, o combate e a remediação de desastres naturais ou de origem antrópica cuja autoria não puder ser identificada entre as ações prioritárias para aplicação dos recursos financeiros do Fundo Nacional de Meio Ambiente.","2018-02-06","Crimes e Infrações Ambientais"
"181",132458,"PLS 90/2018","Alteração","Altera a Lei nº 12.305, de 2 de agosto de 2010, para incluir no conteúdo mínimo do plano de gerenciamento de resíduos sólidos a destinação de materiais recicláveis descartados a cooperativas de catadores ou organizações da sociedade civil que tenham por finalidade o aproveitamento econômico desses materiais.","2018-03-07","Resíduos Sólidos"
"182",133766,"PLS 312/2018","Alteração","Altera a Lei nº 9.605, de 12 de fevereiro de 1998, para impedir a contratação com o Poder Público e a obtenção ou renovação de licença ambiental enquanto não extinta a obrigação de indenizar as vítimas do dano ambiental.","2018-06-26","Empreendimentos Ambientais e Espaços Urbanos"
"183",134061,"PLS 361/2018","Alteração","Altera a Lei nº 9.605, de 12 de fevereiro de 1998, que dispõe sobre as sanções penais e administrativas derivadas de condutas e atividades lesivas ao meio ambiente, e dá outras providências, para disciplinar medidas administrativas, procedimentos de destinação de bens aprendidos e sanções administrativas.","2018-08-08","Crimes e Infrações Ambientais"
"184",133065,"PLS 208/2018","Alteração","Redefine o traçado do Parque de São Joaquim e altera seu nome para ""Parque Nacional da Serra Catarinense"".","2018-04-25","Empreendimentos Ambientais e Espaços Urbanos"
"185",133684,"PLS 302/2018","Alteração","Altera a Lei nº 12.305, de 2 de agosto de 2010, e a Lei nº 10.865, de 30 de abril de 2004, para incentivar empresas que produzem biogás, metano e energia elétrica a partir de resíduos sólidos em aterros sanitários.","2018-06-19","Resíduos Sólidos"
"186",132460,"PLS 95/2018","Alteração","Altera a Lei nº 12.305, de 2 de agosto de 2010, que institui a Política Nacional de Resíduos Sólidos, para dispor que os municípios com população superior a 300.000 (trezentos mil) habitantes devem instalar e manter pelo menos uma usina de tratamento de resíduos sólidos urbanos.","2018-03-07","Resíduos Sólidos"
"187",132865,"PLS 168/2018","Criação","Regulamenta o licenciamento ambiental previsto no inciso IV do § 1º do art. 225 da Constituição Federal e dispõe sobre a avaliação ambiental estratégica.","2018-04-10","Empreendimentos Ambientais e Espaços Urbanos"
"188",133890,"PLS 331/2018","Alteração","Altera a Lei nº 9.605, de 12 de fevereiro de 1998, que dispõe sobre as sanções penais e administrativas derivadas de condutas e atividades lesivas ao meio ambiente, e dá outras providências, para estabelecer, como medida a ser preferencialmente adotada, a conversão de multa simples em serviços de preservação, melhoria e recuperação da qualidade do meio ambiente nos casos que especifica.","2018-07-10","Crimes e Infrações Ambientais"
"189",134695,"PLS 458/2018","Alteração","Altera a Lei nº 6.938, de 31 de agosto de 1981, que dispõe sobre a Política Nacional do Meio Ambiente, seus fins e mecanismos de formulação e aplicação, e dá outras providências, para institucionalizar o aproveitamento, no âmbito do licenciamento ambiental, de dados levantados em estudos de impacto ambiental anteriores para empreendimentos licenciados em uma mesma área geográfica.","2018-11-27","Empreendimentos Ambientais e Espaços Urbanos"
"190",134725,"PLS 465/2018","Alteração","Altera os limites do Parque Nacional dos Lençóis Maranhenses.","2018-11-28","Empreendimentos Ambientais e Espaços Urbanos"
"191",132454,"PLS 93/2018","Alteração","Altera a Lei nº 12.305, de 2 de agosto de 2010, que institui a Política Nacional de Resíduos Sólidos, para determinar que os fabricantes, importadores, distribuidores e comerciantes de produtos industrializados sejam obrigados a estabelecer sistemas de logística reversa e reciclagem no prazo de cinco anos.","2018-03-07","Resíduos Sólidos"
"192",132837,"PLS 161/2018","Alteração","Altera a Lei nº 11.445, de 5 de janeiro de 2007, que estabelece diretrizes nacionais para o saneamento básico; altera as Leis nos 6.766, de 19 de dezembro de 1979, 8.036, de 11 de maio de 1990, 8.666, de 21 de junho de 1993, 8.987, de 13 de fevereiro de 1995; revoga a Lei no6.528, de 11 de maio de 1978; e dá outras providências, para instituir o bônus-desconto aos usuários pela redução do consumo de água.","2018-04-05","Recursos Hídricos"
"193",134199,"PLS 365/2018","Criação","Institui normas gerais para a revitalização da bacia hidrográfica do rio Taquari.","2018-09-04","Recursos Hídricos"
"194",134204,"PLS 382/2018","Criação","Proíbe a produção, importação, exportação, comercialização e distribuição de sacolas plásticas.","2018-09-04","Resíduos Sólidos"
"195",132457,"PLS 92/2018","Criação","Dispõe sobre a obrigatoriedade da utilização de materiais biodegradáveis na composição de utensílios descartáveis destinados ao acondicionamento  e ao manejo de alimentos prontos para o consumo.","2018-03-07","Resíduos Sólidos"
"196",133017,"PLS 194/2018","Criação","Dispõe sobre a utilização e proteção da vegetação nativa dos Campos de Altitude associados ou abrangidos pelo bioma Mata Atlântica.","2018-04-23","Conservação da Natureza e Florestas"
"197",133347,"PLS 247/2018","Criação","Transforma a Reserva Biológica de Santa Isabel, criada pelo Decreto no 96.999, de 20 de outubro de 1988, em Parque Nacional de Santa Isabel.","2018-05-22","Empreendimentos Ambientais e Espaços Urbanos"
"198",134285,"PLS 401/2018","Criação","Define novos limites para a Floresta Nacional de Brasília.","2018-10-09","Empreendimentos Ambientais e Espaços Urbanos"
"199",134313,"PLS 407/2018","Criação","Define os limites da Floresta Nacional de Brasília.","2018-10-16","Empreendimentos Ambientais e Espaços Urbanos"
"200",134869,"PLS 521/2018","Alteração","Altera a Lei nº 9.605, de 12 de fevereiro de 1998, para determinar que não se aplicam às obras e aos serviços executados nas faixas de domínio das rodovias e ferrovias federais e nos portos federais já implantados as sanções da Lei de Crimes Ambientais","2018-12-11","Conservação da Natureza e Florestas"
"201",134922,"PLS 529/2018","Alteração","Altera as Leis nº 6.938, de 31 de agosto de 1981 – Política Nacional do Meio Ambiente; nº 10.257, de 10 de julho de 2001 – Estatuto da Cidade; nº 12.651, de 25 de maio de 2012 – Código Florestal; e nº 6.766, de 19 de dezembro de 1979 – Lei de Parcelamento do Solo Urbano, para fortalecer a autonomia local e a segurança jurídica em matéria ambiental e urbanística.","2018-12-13","Empreendimentos Ambientais e Espaços Urbanos"
"202",132144,"PLS 23/2018","Criação","Dispõe sobre a periodicidade da fiscalização dos estabelecimentos e atividades utilizadores de recursos ambientais, efetiva ou potencialmente poluidores ou capazes, sob qualquer forma, de causar degradação ambiental.","2018-02-05","Crimes e Infrações Ambientais"
"203",133385,"PLS 251/2018","Alteração","Altera a Lei nº 12.651, de 25 de maio de 2012 (Código Florestal), para dispor sobre o registro das Cotas de Reserva Ambiental.","2018-05-23","Conservação da Natureza e Florestas"
"204",134775,"PLS 470/2018","Alteração","Altera a Lei nº 9.605, de 12 de fevereiro de 1998, para elevar a pena de maus-tratos e estabelecer punição financeira para estabelecimentos comerciais que concorrerem para esta prática.","2018-12-05","Crimes e Infrações Ambientais"
"205",134681,"PLS 455/2018","Alteração","Altera a Lei nº 9.605, de 12 de fevereiro de 1998, que dispõe sobre as sanções penais e administrativas derivadas de condutas e atividades lesivas ao meio ambiente, e dá outras providências, para estabelecer procedimentos de apreensão, perdimento e destinação de bens utilizados em infrações ambientais e para proibir a destruição de veículos e equipamentos.","2018-11-27","Crimes e Infrações Ambientais"
